Pays,PIB
Mongolia,998.829388
India,998.5223415
Guyana,997.2113729
Malaysia,9955.242722
Mexico,9950.45008
Bermuda,99471.6389
Brazil,9928.675897
Senegal,992.6880581
China,9905.342004
Pakistan,990.8466112
Philippines,990.5659913
Bulgaria,9879.268533
Pakistan,987.409712
Zambia,985.132436
Bermuda,98467.68399
Bermuda,98431.86518
Chad,984.7361305
Angola,982.9610078
Sri Lanka,982.195697
Malaysia,9817.78709
Gabon,9813.505747
Kazakhstan,9812.626371
Kazakhstan,9812.595808
Bangladesh,981.8608514
Turkey,9791.88245
Chad,979.8117426
Tajikistan,978.4049812
Bermuda,97774.16207
Croatia,9747.440771
Guyana,974.9491933
Latvia,9723.446902
Seychelles,9706.95606
Norway,97019.18275
Mauritania,970.8423607
Norway,96944.09561
Tajikistan,969.2961039
Mexico,9686.984927
Gabon,9683.58162
Mauritius,9681.618567
Turkmenistan,967.8874353
Djibouti,967.6795838
Chad,967.3529488
Equatorial Guinea,9667.857801
Gabon,9663.42411
Benin,966.2036183
Solomon Islands,965.7656751
Nauru,9648.495655
Mexico,9642.680517
Mauritius,9637.00265
Grenada,9628.259169
Bhutan,962.0953713
Mexico,9616.645558
Saudi Arabia,9609.968686
China,959.3724836
Maldives,9577.346946
Pakistan,957.9956753
Nauru,9562.667866
Guyana,955.6653806
Guinea,955.1112811
Romania,9548.587403
Romania,9547.852151
Guyana,954.4003181
Bermuda,95221.85887
Nauru,9521.042101
Cambodia,950.880346
Cameroon,950.5648637
Zimbabwe,948.331481
Cuba,9477.852873
Suriname,9471.922001
Chile,9464.548507
Turkey,9454.348443
Uruguay,9451.932449
Bulgaria,9446.700772
Suriname,9402.164419
Comoros,937.7108963
Ethiopia,936.3404611
Panama,9358.26813
Libya,9336.353498
Senegal,932.1680954
Armenia,930.1254727
Mauritius,9291.227619
Chad,929.3827519
Mexico,9287.849587
Mexico,9271.398396
Grenada,9261.551876
Mauritius,9260.447303
Equatorial Guinea,9250.316493
Kazakhstan,9247.581331
Lithuania,9230.707981
Costa Rica,9229.834517
Maldives,9209.443564
Suriname,9200.974786
Mauritius,9197.026972
Saudi Arabia,9171.331476
Suriname,9168.237157
Brazil,9151.381732
Togo,914.9507925
Sudan,914.1665223
Cayman Islands,91392.64259
Ghana,913.3938493
Switzerland,91254.03476
Cuba,9125.878679
Kazakhstan,9122.23343
Turkey,9121.515167
Ukraine,911.9111514
Turkey,9103.474051
Romania,9099.217539
Grenada,9096.538652
Uruguay,9091.079039
Pakistan,908.0950852
Luxembourg,90712.79929
Kazakhstan,9070.488253
Mexico,9068.294218
Oman,9066.312371
Malaysia,9040.568495
Djibouti,904.7366795
Lesotho,904.6061298
Poland,9035.410467
Maldives,9033.41027
Argentina,9020.873323
Kenya,902.0699578
Nepal,901.7496077
Togo,901.5230169
Indonesia,900.1775881
Nepal,899.523581
Romania,8969.148921
Switzerland,89684.70758
Sao Tome and Principe,896.8677913
Mali,894.8047765
Togo,893.3524541
Chad,892.5688697
Estonia,8914.103557
Montenegro,8910.650834
Tajikistan,890.5444024
Brazil,8897.552966
Lesotho,889.1342855
Gabon,8849.322608
Montenegro,8845.914219
Brazil,8831.183643
Azerbaijan,883.7339715
Uganda,883.5287445
Bangladesh,883.1171296
Sao Tome and Principe,883.0970413
Cuba,8824.194008
Cambodia,882.275614
China,8816.986905
Brazil,8813.989806
Switzerland,88109.48675
South Africa,8810.930651
Trinidad and Tobago,8807.866068
Mali,879.0431873
Norway,87693.79007
Lesotho,875.353433
Mexico,8744.515559
Lesotho,874.7298605
Angola,872.4944418
Brazil,8710.06329
Switzerland,87097.03645
Saudi Arabia,8695.396483
Sri Lanka,869.696285
Saudi Arabia,8684.645762
Sri Lanka,867.4914868
Solomon Islands,867.1071722
Sao Tome and Principe,866.5049956
Switzerland,86547.67089
Switzerland,86388.40495
Djibouti,863.2360874
Mauritius,8627.843157
Oman,8626.965234
Mali,862.4530188
Bangladesh,861.7621622
Cayman Islands,86059.73922
Oman,8601.271944
Brazil,8597.794335
Tajikistan,859.1379611
Argentina,8579.017773
Burkina Faso,857.9327297
Benin,856.0549166
Ethiopia,855.7608852
Guinea,855.5752706
Romania,8548.118672
Cayman Islands,85433.03094
Cuba,8541.213686
Iraq,854.8252808
Turkey,8536.43332
Switzerland,85334.51946
Georgia,853.5164537
Tajikistan,853.2188734
Ireland,85267.76474
Seychelles,8524.961236
Cayman Islands,85188.33704
Dominica,8516.280039
Norway,85139.96045
Cayman Islands,85082.52686
Qatar,85075.98654
Romania,8507.104775
Qatar,85050.68434
Maldives,8499.307148
Tajikistan,848.6723799
Mali,848.279043
Switzerland,84776.14217
Oman,8475.968643
Malaysia,8474.587762
Tajikistan,847.3824321
Uganda,847.2676289
Lesotho,846.5423208
Gabon,8458.309179
Kazakhstan,8458.017154
Bhutan,845.5006721
Nepal,844.8531248
Hungary,8421.103313
Lesotho,842.812631
Equatorial Guinea,8419.933336
Qatar,83858.34046
Grenada,8370.040472
Mali,837.605821
Bulgaria,8366.293221
Romania,8360.166321
Pakistan,836.8605262
Belarus,8341.399679
Nauru,8341.012278
Switzerland,83352.08865
Seychelles,8331.261997
Mexico,8329.271313
Sri Lanka,832.8035723
Uganda,832.5690782
Senegal,831.8310403
Switzerland,83073.28008
Togo,830.7452767
Uzbekistan,830.4076942
Mali,830.0215153
Dominican Republic,8282.117131
Cayman Islands,82801.54266
Mexico,8277.671564
Suriname,8263.203803
Kiribati,826.9168653
Suriname,8255.874872
Kenya,825.666555
Qatar,82409.94165
Nepal,823.3598746
Costa Rica,8227.127494
Norway,82267.80932
Argentina,8225.137583
South Africa,8222.197279
Benin,822.7851431
Uganda,822.5393725
Uganda,822.0276815
Colombia,8218.347844
Romania,8214.076893
Rwanda,820.1492886
Djibouti,818.8687857
Libya,8163.00937
Cayman Islands,81513.16302
South Africa,8148.961202
Croatia,8129.794584
Colombia,8114.343921
Turkey,8101.856924
Uganda,810.090395
Luxembourg,80957.94128
China,8094.363367
Ireland,80886.61574
Panama,8082.016175
Dominica,8080.968623
Ukraine,807.8019371
Tajikistan,807.1025861
Cuba,8060.796598
India,806.7532806
Lebanon,8058.444337
Dominican Republic,8050.644076
Colombia,8050.255372
Mali,805.0339796
Haiti,805.0256325
Haiti,804.5245119
Burkina Faso,804.5005378
Nepal,804.1416073
Mauritius,8030.063005
Mauritania,803.7779156
Chad,803.6863884
Togo,803.1518934
Qatar,80234.19083
Poland,8021.505743
Guinea-Bissau,802.7673851
China,8016.431435
Georgia,801.9904139
Mexico,8002.972178
Mauritius,8000.376432
Belarus,7998.125239
Norway,79977.69708
Uganda,799.9658963
Chad,799.603742
Nepal,799.5833769
Benin,798.7443045
Uganda,798.5857341
Mongolia,797.9777263
Rwanda,797.8555207
Turkmenistan,7962.244925
Kiribati,796.8032036
Burkina Faso,796.1152068
Gabon,7959.007267
Lebanon,7952.151266
Solomon Islands,795.6015338
Nigeria,795.3862287
Lebanon,7933.23332
Maldives,7928.476443
Burkina Faso,792.8462374
Djibouti,791.3841807
Ireland,79068.97461
Bulgaria,7901.785876
Uganda,790.1314506
Azerbaijan,7891.313147
Solomon Islands,788.6131193
Libya,7877.12461
Azerbaijan,7875.756953
Burkina Faso,787.4694383
Guinea,787.2385644
Lithuania,7854.765279
Cambodia,785.5026671
Bulgaria,7849.165283
Cayman Islands,78471.62873
Grenada,7832.349081
Rwanda,783.6371628
Armenia,783.241215
Lebanon,7819.60467
Thailand,7817.009671
Haiti,781.2766578
Bangladesh,781.1535777
Djibouti,780.9039613
Mali,780.7235695
Indonesia,780.1902047
Grenada,7789.632355
Montenegro,7784.06529
Mali,778.6252695
Gabon,7766.996554
Lebanon,7761.641489
Chad,776.0197523
Cayman Islands,77400.42144
Turkmenistan,774.482152
Gabon,7721.018953
Serbia,7720.510572
Rwanda,772.3169891
Kazakhstan,7714.841844
Switzerland,77117.12601
Zimbabwe,771.5990323
Ethiopia,771.5248663
Argentina,7708.099115
Uganda,770.6007843
Cuba,7694.014637
Guinea,769.2554754
Guinea,769.0031667
Lebanon,7687.759336
Dominica,7687.462963
Libya,7685.948132
Bulgaria,7681.93462
Ethiopia,768.5230154
Djibouti,768.1835703
Montenegro,7677.152226
Lebanon,7675.30894
Lebanon,7663.920232
Seychelles,7663.13708
Lebanon,7653.73363
Luxembourg,76404.41504
Bhutan,764.4328082
China,7636.116601
Azerbaijan,763.080638
Cayman Islands,76284.19393
Botswana,7617.310041
Turkmenistan,7612.03518
Dominican Republic,7609.353275
Chile,7598.528877
Dominica,7597.288894
Latvia,7594.902384
Mexico,7593.137345
Cameroon,759.1118514
Bermuda,75882.03386
Burkina Faso,758.000427
Seychelles,7578.851053
Lebanon,7578.172368
Panama,7576.140457
Norway,75719.7529
Bulgaria,7569.478815
Norway,75496.75406
Mexico,7544.568723
Lesotho,753.3759044
Mali,751.4728866
Burkina Faso,751.1727704
Rwanda,751.0773926
Botswana,7503.878588
Cayman Islands,74990.43322
Azerbaijan,7496.294648
Botswana,7495.220866
Georgia,749.908535
Tajikistan,749.5524123
Guinea-Bissau,749.453747
Papua New Guinea,749.1865116
Mexico,7484.486399
Pakistan,748.9225893
Indonesia,748.2576087
Comoros,747.9888625
Liberia,747.8686601
South Africa,7467.079185
Myanmar,746.94536
Uganda,746.8307529
Switzerland,74572.23237
Turkey,7456.296101
Cambodia,745.609127
Sao Tome and Principe,745.3202999
Iceland,74469.80406
Grenada,7444.089075
Rwanda,744.7607488
Norway,74355.51586
Bulgaria,7432.478766
Rwanda,743.559038
Serbia,7417.203649
Norway,74148.32008
Nigeria,741.7474939
Suriname,7408.360786
Liberia,740.914906
Sudan,740.746767
Liberia,739.911935
Gabon,7384.700704
Guinea-Bissau,738.5499449
Cambodia,738.0547312
Montenegro,7378.345289
Montenegro,7367.751909
Uganda,736.5598474
Lebanon,7354.953605
Cayman Islands,73514.66868
Haiti,735.5211179
Kiribati,735.0691064
Brazil,7348.187963
Burkina Faso,734.996268
Cayman Islands,73351.75677
Colombia,7335.166934
Montenegro,7328.932252
Guinea,732.2915119
Mauritius,7318.12641
Dominica,7317.486143
Turkmenistan,7304.285771
Thailand,7296.879608
Botswana,7296.092142
Malaysia,7292.494973
Grenada,7291.74167
Maldives,7291.465967
Grenada,7290.834938
Dominican Republic,7280.88361
Cayman Islands,72777.14849
Dominica,7274.517731
Guinea-Bissau,727.5201717
Dominican Republic,7268.19691
Bulgaria,7265.735497
Maldives,7265.723399
Chad,726.1510071
Grenada,7258.166561
Serbia,7252.401858
Rwanda,725.1697703
Argentina,7245.446857
Malaysia,7243.456801
Cayman Islands,72329.66133
Gabon,7230.434912
Botswana,7224.912737
Gabon,7221.369877
Rwanda,722.8943285
Grenada,7212.986819
Liberia,721.5810505
Liberia,721.085044
Switzerland,72083.1677
Argentina,7208.373114
Estonia,7203.523038
Botswana,7203.064221
Iceland,72010.14903
Azerbaijan,7189.691229
Thailand,7186.874092
Montenegro,7186.429787
Bhutan,718.196337
Mauritania,717.8998676
Ethiopia,717.1248698
Guinea,717.0505359
Kazakhstan,7165.223175
Sierra Leone,716.8358269
Mexico,7157.8145
Panama,7154.274501
Tajikistan,715.8657063
Guinea,715.0965267
Equatorial Guinea,7143.238705
Libya,7142.771786
India,714.8610154
Sierra Leone,714.6997957
Cuba,7133.337679
Sudan,711.9219842
Benin,711.2849548
Serbia,7101.040141
Chad,710.3963987
Mali,710.2742494
Liberia,710.2659984
Chad,709.5400432
Maldives,7076.739821
Iraq,7076.552265
Mexico,7075.369643
Bulgaria,7074.681023
Dominica,7065.460372
Trinidad and Tobago,7053.087371
Botswana,7050.573472
Norway,70460.56053
Bermuda,70359.31911
Azerbaijan,703.6838434
Guinea-Bissau,703.6605673
Montenegro,7028.936577
Peru,7027.612207
Uruguay,7026.503055
China,7020.338485
Zambia,702.7411184
Bangladesh,702.2644196
Dominica,7016.380071
Mali,701.7171134
South Africa,7005.095413
Dominica,7003.859021
South Africa,6988.808739
Bulgaria,6988.233325
Gabon,6984.419712
Botswana,6982.917492
Mali,697.0878685
Turkmenistan,6967.375043
Dominica,6967.364955
Ireland,69601.68388
Peru,6957.793411
Guyana,6955.939217
Belarus,6953.132515
Iceland,69495.72674
Armenia,694.4234554
Trinidad and Tobago,6939.828471
Suriname,6938.086981
Chad,693.4497674
Maldives,6924.105745
Dominican Republic,6921.520594
Haiti,692.0301629
Dominica,6903.145806
Costa Rica,6901.388306
Iceland,68941.46223
Gabon,6891.36192
Gabon,6881.715192
Burkina Faso,688.2506963
Uruguay,6875.025469
Pakistan,687.8364127
Cameroon,687.6481344
Suriname,6853.693411
Bulgaria,6853.002854
Kenya,685.9544229
Dominica,6849.455933
Belarus,6837.717826
Cuba,6837.71168
Iraq,6836.073995
Suriname,6831.983622
Australia,68156.62792
Senegal,681.3118508
Cameroon,681.102043
Serbia,6809.159804
Australia,68027.84171
Costa Rica,6801.036735
Comoros,680.9055728
Brazil,6796.844542
South Africa,6780.884555
Sao Tome and Principe,678.7379639
Kazakhstan,6771.414797
Mauritania,676.5690224
Tajikistan,676.1235111
Peru,6756.752996
Serbia,6755.073675
Liberia,675.0101918
Qatar,67403.08768
Guinea,674.0854826
Norway,67329.67779
Mozambique,673.969212
Colombia,6729.583332
Montenegro,6727.107767
Guinea,672.4249304
Liberia,672.3404992
Peru,6710.507602
Lithuania,6700.327192
South Africa,6690.939847
Montenegro,6688.4824
Norway,66810.47852
Poland,6681.386472
Rwanda,668.4946722
Turkmenistan,6675.178055
Peru,6672.877373
Haiti,667.2825464
Singapore,66679.04649
Grenada,6658.223586
Hungary,6655.333009
Chad,665.9488849
Grenada,6645.985549
Mozambique,664.0775104
Iraq,6637.684375
Maldives,6636.543871
South Africa,6624.761865
Maldives,6614.23618
Bermuda,66111.72523
Guinea-Bissau,661.4578387
Guyana,6609.51128
Dominican Republic,6608.825501
Serbia,6600.056809
Thailand,6593.818352
Qatar,65907.94844
Guinea,659.992931
Chad,659.270045
Turkmenistan,6587.092604
Montenegro,6586.721279
Chad,658.566973
Ukraine,658.348608
Mauritius,6574.654338
Mozambique,657.6446765
Singapore,65640.70795
Nauru,6560.27487
Luxembourg,65544.59195
Azerbaijan,655.1199452
Qatar,65421.37692
Uzbekistan,654.2838373
Switzerland,65359.51922
South Africa,6532.736968
Burkina Faso,653.3272681
Peru,6528.971775
United States,65279.52903
Belarus,6527.173869
Montenegro,6514.272695
Guinea,651.1361134
Cuba,6497.314764
Senegal,648.4414733
Burkina Faso,647.8360955
Comoros,647.4258118
Dominica,6468.944767
Libya,6466.908237
Mongolia,646.192471
Mauritania,646.1151155
Trinidad and Tobago,6435.134212
Botswana,6434.812485
Denmark,64322.0635
Turkmenistan,6432.685325
Burkina Faso,643.404581
Turkmenistan,643.1909754
Colombia,6424.979492
Belarus,6424.152176
Eritrea,642.5082588
Botswana,6404.899932
Botswana,6402.910183
Togo,640.9342196
Ethiopia,640.5419231
Mauritania,639.6675829
Turkmenistan,6387.682575
Afghanistan,638.8458516
Latvia,6378.666521
Belarus,6377.369732
Ecuador,6377.093929
Colombia,6376.706716
Belarus,6360.062473
Malawi,636.8205368
United States,63593.44362
South Africa,6350.65271
Bangladesh,634.9870697
Guinea-Bissau,634.6620391
Colombia,6336.709474
Liberia,632.9363856
Fiji,6317.41372
Cambodia,631.5252576
United States,63064.41841
Qatar,63039.11263
China,6300.615118
Ecuador,6295.934662
Suriname,6295.560562
Croatia,6293.225299
Serbia,6292.543629
Uruguay,6284.45968
Ireland,62818.96636
India,627.7742417
South Africa,6266.533987
Libya,6266.489821
South Africa,6259.839681
Bermuda,62583.1002
Australia,62574.1457
Denmark,62548.98473
Australia,62511.69059
Afghanistan,624.3154545
Burkina Faso,624.1751645
Dominican Republic,6238.132367
Guinea-Bissau,623.3130914
Peru,6229.100674
Qatar,62276.42869
Ecuador,6222.524653
Armenia,622.7409229
Ecuador,6213.503127
Togo,621.3988536
Malaysia,6209.126167
Peru,6204.996457
Iceland,61987.92636
Ireland,61987.551
Chile,6194.85272
Papua New Guinea,618.0367032
Denmark,61753.64713
Fiji,6175.890653
Colombia,6175.87603
Serbia,6169.114195
Thailand,6168.261356
Panama,6166.187871
Guinea-Bissau,616.375664
Denmark,61591.92887
Equatorial Guinea,6152.131238
Guyana,6145.819277
Afghanistan,614.2233424
Cuba,6139.718783
Ireland,61318.46603
Senegal,613.7323845
Peru,6126.87454
Guyana,6124.95367
Ecuador,6124.490887
Denmark,61191.1937
Bosnia and Herzegovina,6119.762345
Paraguay,6118.31811
Singapore,61176.45636
Sweden,61126.9432
Lebanon,6111.327281
Ireland,61103.51347
Dominican Republic,6110.366576
North Macedonia,6108.740108
Denmark,61063.31643
Costa Rica,6103.741917
Turkey,6101.632117
Fiji,6101.02389
Sudan,610.9278615
Rwanda,609.724917
Bosnia and Herzegovina,6079.738285
Sweden,60755.75955
North Macedonia,6070.388054
Bosnia and Herzegovina,6070.349081
Ecuador,6060.092962
Ecuador,6056.331213
Iraq,6045.494567
Belarus,6033.686239
South Africa,6033.101491
Guinea-Bissau,603.3993815
Papua New Guinea,602.1864903
Serbia,6015.945228
United States,60109.65573
Sweden,60020.36046
Thailand,5993.305516
Guinea-Bissau,599.9952372
Pakistan,599.3763305
Iraq,5980.626918
Singapore,59797.75218
Denmark,59775.7351
Montenegro,5976.394145
Mali,597.4844576
Belarus,5967.052204
Liberia,596.8966353
Qatar,59530.561
Thailand,5951.883487
Dominica,5951.863413
Eritrea,595.1099872
Namibia,5942.29274
Mozambique,594.5861471
Paraguay,5936.975959
Switzerland,59300.61722
Iceland,59270.18005
Nepal,592.4012071
Argentina,5919.012338
North Macedonia,5917.262575
Iraq,5915.850854
Dominican Republic,5913.426649
Qatar,59124.86727
Malawi,591.8463896
Afghanistan,591.1900302
Qatar,59094.65918
Nigeria,590.381815
Mozambique,589.85905
Bermuda,58883.95943
Uruguay,5887.845162
Brazil,5886.391522
Bulgaria,5885.104348
Sierra Leone,588.2288628
Suriname,5872.789429
Colombia,5870.777957
Togo,587.0974928
Peru,5869.323882
Thailand,5860.581471
Sudan,586.7532114
Myanmar,586.1681802
Denmark,58507.50805
Denmark,58487.05497
Serbia,5848.476405
Azerbaijan,5843.533768
Thailand,5840.053067
Botswana,5832.737052
Denmark,58163.27688
Guyana,5811.397924
Namibia,5806.748246
Denmark,58041.39844
Sweden,58037.82132
United States,58021.4005
Libya,5800.588826
Rwanda,579.726615
Belarus,5785.670673
Paraguay,5782.78455
Sao Tome and Principe,577.628404
Serbia,5765.200762
Netherlands,57644.47997
Denmark,57610.09818
Norway,57603.83602
Pakistan,576.1955804
Romania,5757.496429
Singapore,57562.53079
South Africa,5756.965741
Libya,5756.699325
Iceland,57492.93425
Suriname,5744.759727
Grenada,5741.653658
Benin,574.9297982
Gabon,5739.613204
Serbia,5735.422857
Cuba,5730.354264
Lesotho,573.6517781
Australia,57180.7794
Qatar,57162.96801
Botswana,5713.543931
Togo,571.8067239
Mongolia,571.594979
Poland,5701.602212
Togo,570.9099672
Niger,570.723922
Singapore,56967.42579
Mauritius,5695.969327
Iceland,56943.37045
United States,56863.3715
Singapore,56848.17539
Grenada,5682.705378
Ecuador,5682.046108
Zimbabwe,568.3862905
Papua New Guinea,568.2463486
Iceland,56794.85016
Paraguay,5678.869972
Australia,56707.02208
Nigeria,567.9307221
Niger,567.6698923
Ethiopia,566.9264029
Sierra Leone,566.3782351
South Africa,5655.867654
Switzerland,56546.78566
Fiji,5651.272721
Central African Republic,565.8012071
Turkmenistan,5649.962106
Niger,564.5967488
Mozambique,563.6496343
Zimbabwe,563.0575041
Bermuda,56284.16865
Sweden,56152.55234
China,5614.352135
Fiji,5605.609148
Ecuador,5600.389615
Algeria,5592.220115
Guinea-Bissau,559.4145709
Serbia,5588.980728
Namibia,5588.392864
Malaysia,5587.02478
Uzbekistan,558.2268024
Guinea-Bissau,558.1746681
Bangladesh,558.0518407
Guyana,5576.825852
Azerbaijan,5574.603802
Maldives,5574.401981
Singapore,55646.61875
Angola,556.8386317
Afghanistan,556.0072209
Dominican Republic,5555.392014
Singapore,55546.48854
Libya,5554.180053
Ireland,55525.89725
Kuwait,55494.9301
Niger,554.0993893
Cuba,5529.669375
Botswana,5521.990608
Niger,552.569139
Dominica,5518.4232
Botswana,5513.331063
Central African Republic,551.7497219
United States,55049.98833
Azerbaijan,5500.310382
Algeria,5499.587331
Lithuania,5499.428989
North Macedonia,5495.735049
Algeria,5493.056695
Thailand,5492.1215
Guyana,5489.140726
Switzerland,54878.471
Australia,54875.28596
Colombia,5472.53653
Namibia,5469.9014
Denmark,54663.99837
Uzbekistan,546.7768502
India,546.7266135
Togo,546.3503702
Sweden,54589.06039
Iceland,54576.74481
Algeria,5455.679403
North Macedonia,5450.492881
Malawi,544.5934354
Pakistan,544.4942514
Rwanda,543.5453565
Afghanistan,543.3065262
Ireland,54283.68178
Haiti,542.3335961
Netherlands,54159.34661
Paraguay,5413.776021
Croatia,5412.925136
Cuba,5411.269492
Madagascar,541.0659437
South Africa,5409.133489
Angola,5408.4117
Guyana,5407.147366
Togo,540.6087126
Albania,5395.659532
Namibia,5394.996712
Bosnia and Herzegovina,5394.268944
Australia,53934.25018
Namibia,5392.094938
Fiji,5390.714207
Cambodia,539.7503289
Singapore,53890.42873
Mauritius,5388.065784
Paraguay,5380.963322
Zambia,538.591553
Sweden,53791.50873
Guyana,5378.810878
Sweden,53700.00534
Jamaica,5369.498371
Namibia,5367.114674
Madagascar,536.3514017
Jamaica,5359.993789
Finland,53554.03892
Belarus,5352.583912
Burkina Faso,535.0622795
Panama,5348.884253
Estonia,5341.628947
Malawi,534.9510502
Pakistan,534.3039007
Togo,534.0447826
Colombia,5334.556042
Bosnia and Herzegovina,5330.355075
Sierra Leone,533.9915333
Paraguay,5329.387437
Denmark,53254.85637
Paraguay,5324.609068
United States,53106.53677
Madagascar,531.2654321
Netherlands,53018.62936
Madagascar,530.8610389
Zimbabwe,530.5304463
Iceland,52951.68151
Kazakhstan,5291.575305
Niger,529.7444581
Albania,5287.663694
Sweden,52869.04429
Netherlands,52830.17423
Mauritius,5282.906022
Hungary,5276.033189
Luxembourg,52754.27325
Angola,527.3335285
Canada,52669.08996
Canada,52635.17496
Tajikistan,526.6432883
Botswana,5255.776533
Angola,5254.881126
Netherlands,52514.02712
Netherlands,52476.27325
Albania,5246.292306
North Macedonia,5241.058345
Sao Tome and Principe,524.6698721
Mongolia,524.0540084
Netherlands,52397.11671
Madagascar,523.9459714
Mali,523.0386031
Sweden,52274.40879
Costa Rica,5227.465952
Uruguay,5226.9441
Canada,52223.69611
Madagascar,522.9895243
Netherlands,52184.06185
Dominica,5216.872434
Grenada,5213.795649
Ireland,52108.83323
Sierra Leone,521.7548367
Jamaica,5209.859264
Australia,52087.97229
Cuba,5208.718388
Lebanon,5207.792723
Poland,5207.171421
Denmark,52026.99951
Ecuador,5200.555108
Mozambique,520.4026316
Kuwait,51979.12069
Suriname,5197.747907
Sweden,51965.15715
Sweden,51939.42974
Colombia,5193.241458
Ireland,51927.23096
Paraguay,5185.141549
Madagascar,518.1528127
Benin,518.0674741
Netherlands,51733.44213
Austria,51717.49594
Austria,51708.76575
Niger,517.7715723
Australia,51692.84275
United States,51602.93105
Dominica,5160.889141
Afghanistan,516.7478708
Afghanistan,516.6798622
Sweden,51545.48361
Ireland,51518.3881
Papua New Guinea,515.6847804
Madagascar,515.2933234
North Macedonia,5149.589074
Austria,51461.43322
Qatar,51455.95094
Latvia,5145.195232
Austria,51374.95841
Liberia,513.4455667
Bosnia and Herzegovina,5129.663534
Benin,512.673902
Niger,512.595335
Sudan,512.4412582
Afghanistan,512.0127781
Jamaica,5111.465987
Kenya,511.6163943
Argentina,5109.852245
Finland,51081.99767
Angola,5100.097027
North Macedonia,5098.097583
Canada,50955.99832
Netherlands,50950.03434
Bosnia and Herzegovina,5092.554723
Ireland,50914.03129
Bosnia and Herzegovina,5090.945834
Bangladesh,509.6401899
Sierra Leone,509.376594
Dominican Republic,5087.983213
Peru,5082.353706
Belize,5078.809944
Thailand,5076.339872
Chile,5074.902616
Botswana,5073.520408
Austria,50716.70871
Jamaica,5070.099503
United Kingdom,50653.25691
Mozambique,506.6416391
Malawi,506.1372944
Fiji,5057.631913
Grenada,5056.977259
Grenada,5041.012235
Belarus,5039.681886
Dominican Republic,5039.403122
Mozambique,503.3179252
Finland,50260.29986
Norway,50134.89077
Qatar,50124.38594
Austria,50114.40111
Sierra Leone,501.4151655
Eritrea,501.355317
Namibia,5009.685904
Netherlands,50073.00566
Belize,5001.422157
Paraguay,5001.07276
Niger,500.2149113
Finland,49964.49991
Bosnia and Herzegovina,4994.971551
Poland,4991.244358
Ethiopia,499.5315302
Bangladesh,499.4619402
Jamaica,4989.734089
United States,49882.55813
Australia,49881.76371
Finland,49878.04324
Iraq,4985.452879
Iceland,49804.983
Australia,49654.9106
Sierra Leone,496.6822949
Malaysia,4952.213958
Azerbaijan,4950.294791
Switzerland,49470.39713
Belize,4945.857699
Afghanistan,494.1793499
Kuwait,49388.05338
Gabon,4933.46217
Guinea-Bissau,493.7219932
Jamaica,4928.126409
Algeria,4923.631615
Central African Republic,492.7958712
Ghana,492.5440562
Panama,4916.907612
Suriname,4916.605666
Japan,49145.28043
Papua New Guinea,491.8343081
Guyana,4908.566448
Jamaica,4907.927415
Tonga,4903.012138
Ireland,49028.82739
Dominica,4897.308367
Namibia,4896.61526
Mali,489.0213369
Croatia,4887.713716
Dominica,4883.003024
Central African Republic,488.4217358
Denmark,48799.8256
Japan,48760.07895
Finland,48744.98813
Kuwait,48631.7834
Finland,48628.64176
North Macedonia,4861.553971
Ireland,48607.94052
Sudan,486.4188163
Austria,48586.80132
Austria,48567.69529
Belize,4856.973249
Netherlands,48554.99228
Luxembourg,48538.7829
Afghanistan,485.6684187
United States,48466.6576
Jamaica,4843.7499
Finland,48414.84509
North Macedonia,4841.251694
Fiji,4840.72727
Niger,484.1531374
Luxembourg,48398.22929
United States,48382.55845
Jamaica,4834.284009
Zimbabwe,482.9984515
Mozambique,482.1985636
Belgium,48106.89292
Maldives,4809.93374
Azerbaijan,4805.753718
United States,47975.9677
Austria,47963.1794
Germany,47959.99327
Germany,47950.18081
Mauritius,4793.718179
Brazil,4790.456566
Dominica,4787.801441
Malawi,478.6686885
Niger,478.502559
Liberia,478.3995401
Nepal,478.1732528
Zimbabwe,478.0076044
United Kingdom,47787.2413
Bosnia and Herzegovina,4777.066914
Chile,4772.563723
Iceland,47714.59223
Finland,47710.79022
Belgium,47700.54036
Dominica,4770.851894
Belize,4770.232656
Ireland,47666.54708
Turkey,4760.104019
Niger,476.8695322
Zimbabwe,476.5554025
Canada,47562.08343
United Kingdom,47549.34863
Nauru,4752.175082
Belgium,47519.5531
Madagascar,475.9555568
Central African Republic,475.9538139
Bangladesh,475.2919302
Tonga,4740.700272
Central African Republic,474.7056275
Uganda,474.5179496
Mongolia,474.2170943
Cambodia,474.1111921
Azerbaijan,4739.84171
Georgia,4739.188338
Belarus,4735.657608
Belgium,47348.52502
Iceland,47334.93065
Austria,47312.00623
Burkina Faso,473.4498682
Finland,47293.99283
Bosnia and Herzegovina,4729.689959
North Macedonia,4728.308142
Singapore,47236.96023
Georgia,4722.787783
Belize,4718.436581
Bosnia and Herzegovina,4714.693746
Colombia,4714.073055
Madagascar,471.9592116
Mozambique,471.9043433
Madagascar,471.4914963
United States,47099.98047
Dominican Republic,4707.795052
Jamaica,4704.04776
India,470.9867868
Liberia,470.9481214
Nepal,470.455459
Georgia,4697.983652
Sweden,46946.96027
Iraq,4688.318017
Austria,46858.04327
Austria,46855.77175
Cuba,4683.569067
Germany,46794.89929
Costa Rica,4676.379366
Belgium,46744.66254
Libya,4673.145576
Canada,46710.50558
Central African Republic,467.9080323
Madagascar,467.5397834
Madagascar,467.2354316
Ethiopia,467.0778718
Germany,46644.77603
Jamaica,4664.530242
Sweden,46593.60216
Belgium,46591.49161
Iraq,4657.280269
Canada,46548.52036
Denmark,46511.59833
Uzbekistan,465.1198869
Lebanon,4649.547646
Finland,46459.97325
Central African Republic,464.5612047
Niger,464.057999
Guatemala,4638.634943
Iraq,4636.639325
Bosnia and Herzegovina,4635.510195
Canada,46338.34096
Ecuador,4633.591284
Lebanon,4630.790585
United States,46298.73144
Finland,46297.49635
Germany,46285.76407
Lebanon,4626.853003
Tonga,4624.823449
Hungary,4624.281657
Jamaica,4623.747897
Georgia,4623.745725
Germany,46208.42947
Romania,4617.929016
Angola,4615.468219
Mozambique,461.4150941
Armenia,4604.646324
Guatemala,4603.339617
Netherlands,46007.85292
Myanmar,460.9088892
Iceland,45995.54788
Panama,4592.152614
Fiji,4591.577015
North Macedonia,4584.709832
Tonga,4581.783245
Guyana,4580.698762
Lebanon,4579.459593
Kuwait,45782.14857
Albania,4578.633208
North Macedonia,4577.688755
Lebanon,4576.387617
Lebanon,4575.107459
Chile,4574.594716
Burkina Faso,457.9334308
Belize,4568.641228
Uzbekistan,456.7062895
Sudan,456.6242379
Iraq,4550.658638
China,4550.453108
Namibia,4546.986688
Tunisia,4544.016632
Germany,45427.15168
United Kingdom,45404.56777
Chad,454.3363652
France,45334.11796
Albania,4531.019374
Guinea,453.4037133
Austria,45276.83144
Eswatini,4527.565039
Bulgaria,4523.050833
Netherlands,45175.23189
Belgium,45159.34822
Tonga,4513.432531
Canada,45129.35644
Kenya,451.6687666
India,451.5729973
Estonia,4505.858332
Belize,4505.600593
Poland,4501.454067
Central African Republic,450.9006579
Eritrea,450.6323989
Japan,44968.15623
Eswatini,4496.613361
Lebanon,4491.641934
Togo,449.7382505
Netherlands,44863.35063
Algeria,4480.786318
Mozambique,448.5442807
Sierra Leone,448.3376621
Tunisia,4479.930327
Guatemala,4478.424646
Zimbabwe,447.8547399
Belgium,44673.11588
Canada,44659.89514
United Kingdom,44654.09692
Malaysia,4461.847325
Bangladesh,446.3106757
Belgium,44583.54481
New Zealand,44572.89875
Germany,44542.2952
Guatemala,4454.04815
United Arab Emirates,44498.94051
Chile,4446.249371
Tunisia,4444.816511
Turkmenistan,4439.202128
Albania,4437.142612
India,443.3141938
Tonga,4428.146521
Belgium,44262.896
Belize,4423.496842
Lebanon,4422.389292
Georgia,4421.818242
Austria,44178.04738
Israel,44168.94364
Belgium,44141.87814
Albania,4413.062005
United States,44114.74778
Belgium,44089.31009
Kuwait,44062.34091
Jordan,4405.487109
Namibia,4405.410399
Mongolia,4404.84583
Costa Rica,4404.711884
Belize,4404.308198
Mali,440.9567771
Israel,43951.24773
Eritrea,439.8321034
Germany,43858.36306
United Arab Emirates,43839.32449
Rwanda,438.6641845
Madagascar,438.6555158
Somalia,438.2551656
Malawi,438.2118568
France,43790.72602
Thailand,4379.658787
Finland,43784.28396
United Arab Emirates,43751.80565
United Kingdom,43713.81412
Fiji,4371.447385
Albania,4370.539925
Afghanistan,437.2687402
Mongolia,4366.089537
United Kingdom,43646.95197
Tunisia,4361.687736
Lesotho,436.4881373
Guinea-Bissau,436.4752202
Canada,43596.13554
Paraguay,4359.428415
Georgia,4357.000936
Tonga,4354.24436
Mongolia,4351.888461
Zambia,435.4581994
Mozambique,435.3340633
Tunisia,4344.64192
Sweden,43437.06312
Libya,4337.919139
Turkey,4337.478003
Tonga,4336.239603
Jamaica,4335.178411
Jamaica,4331.292053
New Zealand,43306.07
Botswana,4330.972369
Canada,43294.64816
Iceland,43237.07295
Samoa,4322.868457
Zimbabwe,431.7872587
Norway,43084.47247
Jordan,4308.151074
United Kingdom,43070.49836
Tunisia,4307.580023
France,43011.2631
Guinea-Bissau,430.0039403
New Zealand,42992.89527
New Zealand,42976.64959
Namibia,4295.387143
Kenya,429.787819
Sweden,42821.67314
Jordan,4282.765825
Mozambique,428.9266729
Finland,42784.69836
Australia,42783.32257
Kuwait,42781.56475
Argentina,4277.721573
New Zealand,42755.21626
United Arab Emirates,42701.44305
Belize,4270.780085
United Kingdom,42686.80005
Panama,4267.292687
Georgia,4266.690795
Armenia,4266.018074
France,42592.93539
Samoa,4258.978767
Switzerland,42578.76314
Belize,4252.395404
Ecuador,4249.01897
Albania,4247.630047
United Arab Emirates,42412.6395
Central African Republic,424.4491317
Guyana,4233.766143
Canada,42315.60371
Ecuador,4231.619235
Jordan,4231.51828
Eswatini,4230.171266
United Kingdom,42284.88449
Azerbaijan,4221.407478
Peru,4220.616378
Armenia,4220.540321
South Africa,4217.11478
United Kingdom,42132.09072
Thailand,4213.006654
Qatar,42124.94084
Namibia,4212.367197
Germany,42107.51727
Israel,42063.45313
Belgium,41984.10303
Netherlands,41979.05585
Peru,4196.311627
Bosnia and Herzegovina,4193.368011
United Arab Emirates,41907.42147
Somalia,419.3948077
Ukraine,4187.739845
Samoa,4187.504729
Belize,4186.519998
United Arab Emirates,41809.46216
Burkina Faso,418.3766603
Bangladesh,418.0689421
Namibia,4179.278066
Algeria,4177.889542
Jordan,4175.356602
Guatemala,4173.301666
United States,41712.80107
Ghana,417.5080667
Eswatini,4168.489403
El Salvador,4167.730939
Fiji,4167.694935
Angola,4166.979833
Malaysia,4165.726104
Jordan,4164.108769
Mozambique,416.8098242
Germany,41587.2129
Mongolia,4158.521471
France,41575.42196
France,41572.48501
Tonga,4157.877249
Mongolia,4156.84697
Belize,4155.323885
Germany,41531.9342
France,41508.43269
Eritrea,415.0360305
Bangladesh,415.0344043
United Kingdom,41499.5557
Germany,41485.90165
Costa Rica,4147.824369
Azerbaijan,4147.089716
Iraq,4145.862936
New Zealand,41441.46667
Tuvalu,4143.109753
Algeria,4142.018558
Lithuania,4141.592702
Gabon,4141.434366
Latvia,4136.933297
Gabon,4135.99238
Indonesia,4135.201531
Jordan,4131.44735
Japan,41308.99684
Iceland,41301.27322
Togo,413.3298662
Bangladesh,413.0802826
Tunisia,4128.463959
Panama,4126.232386
Albania,4124.05539
Uruguay,4120.544205
Finland,41188.0937
Belize,4115.177008
Albania,4114.134899
Ireland,41112.74822
Algeria,4109.698217
Samoa,4109.663228
Dominican Republic,4109.033591
Germany,41086.72967
United Kingdom,41059.16881
Eswatini,4105.893683
Jamaica,4103.601637
Australia,41001.14298
Belgium,40991.80814
United Arab Emirates,40976.49075
Angola,4095.810057
Tunisia,4094.836287
Albania,4094.348386
Uruguay,4090.891888
Japan,40898.6479
Canada,40876.31015
France,40874.70039
United Kingdom,40857.75558
Angola,4080.941034
Tajikistan,408.8384135
Cambodia,408.5136388
Sierra Leone,408.4810085
Togo,408.0571173
North Macedonia,4079.391954
Italy,40778.34274
Japan,40777.6087
Israel,40774.12961
Sri Lanka,4077.043841
Samoa,4071.926959
Estonia,4070.609024
Eritrea,407.769077
Guinea,407.3009759
New Caledonia,40697.65294
Samoa,4067.843459
Ukraine,4066.547885
United Arab Emirates,40644.79119
France,40638.33525
Austria,40635.28182
Georgia,4062.169888
Mongolia,4060.950518
Panama,4060.317793
Togo,406.562366
Sri Lanka,4059.20823
Namibia,4059.101348
France,40578.64429
Tuvalu,4055.89561
El Salvador,4052.624775
Canada,40504.06073
Guyana,4050.786237
Lesotho,405.6057121
Guinea-Bissau,405.0751184
Paraguay,4047.909791
Panama,4046.429148
Denmark,40458.7774
Jordan,4044.426869
Malaysia,4043.662923
Costa Rica,4042.705686
Fiji,4040.152119
Central African Republic,404.3745429
Eswatini,4039.159341
United Kingdom,40371.71083
Samoa,4037.813829
Netherlands,40362.39478
Turkmenistan,4036.456805
Libya,4035.196802
Uganda,403.6637446
Georgia,4021.743306
Samoa,4020.959844
Central African Republic,402.1916451
Japan,40193.25244
Mauritius,4018.948897
Georgia,4014.185944
Armenia,4010.861381
Sierra Leone,401.8348761
New Zealand,40080.49411
Ukraine,4004.804396
Tonga,4002.813771
Singapore,40007.46926
New Zealand,39973.38076
Guatemala,3994.636913
Gabon,3993.031336
Algeria,3989.668276
Japan,39876.30397
Armenia,3986.231624
Japan,39808.16856
Thailand,3973.017172
Switzerland,39727.84667
Kenya,397.4826588
United Kingdom,39688.61497
New Caledonia,39675.56631
Costa Rica,3960.307703
Togo,396.9205798
Liberia,396.6017613
Uzbekistan,396.377979
Albania,3952.802538
Algeria,3950.512993
Kenya,395.3294716
United States,39496.48588
Iceland,39476.69785
Algeria,3946.452447
Singapore,39432.93835
Maldives,3941.431136
Japan,39400.73936
Samoa,3937.186246
United Arab Emirates,39365.45964
Dominican Republic,3932.784407
Samoa,3932.105847
Guinea,393.7396899
Mali,393.4050091
Mauritius,3929.075495
Tunisia,3924.363346
United Arab Emirates,39194.67224
Japan,39169.35957
Eswatini,3915.643467
Armenia,3914.527854
Eswatini,3914.418484
Malaysia,3913.429386
Jordan,3910.346894
El Salvador,3910.254403
Malawi,391.5617052
Nepal,391.3800572
Sierra Leone,391.200943
Finland,39040.28888
Turkmenistan,3904.465301
France,39030.36037
Niger,390.2844802
Bulgaria,3899.907638
United Kingdom,38952.21103
Switzerland,38952.0342
Indonesia,3893.859578
Singapore,38927.20688
Somalia,389.8313955
Somalia,389.8220615
Kenya,389.5426302
Japan,38891.08627
Sri Lanka,3886.291502
Belize,3885.034074
Algeria,3883.2709
Azerbaijan,3880.738731
Eritrea,388.5959475
Mongolia,3875.321675
Malawi,387.6057212
Indonesia,3869.588427
France,38685.25849
Belgium,38672.70594
United Arab Emirates,38663.4005
New Zealand,38630.72659
Somalia,386.437817
Italy,38599.06221
Kuwait,38577.49828
Mauritius,3856.625227
Norway,38542.7151
Iraq,3853.82862
Jordan,3852.890025
Sri Lanka,3852.265603
Azerbaijan,3851.437869
New Caledonia,38503.25385
Japan,38475.39525
Belarus,3847.434124
Sri Lanka,3843.780672
Austria,38403.13388
Somalia,384.4634014
New Zealand,38387.62708
Armenia,3838.17388
Indonesia,3837.578024
China,3832.236432
Uzbekistan,383.343068
Mozambique,383.2702219
Japan,38298.98017
Zambia,382.9410352
Zambia,382.2419633
Lesotho,382.1896086
Sri Lanka,3819.25353
United Arab Emirates,38141.86713
Norway,38131.46061
El Salvador,3805.995686
United States,38023.16111
Belize,3802.26316
Malawi,380.5969877
Ethiopia,380.5690032
Central African Republic,380.2979111
El Salvador,3798.636521
Costa Rica,3789.053886
Cuba,3786.66345
Israel,37847.64994
Italy,37822.66524
Japan,37812.89502
Guatemala,3779.642336
Tunisia,3776.332046
Kazakhstan,3771.278957
Finland,37702.84538
Central African Republic,377.4229177
Mongolia,3757.565415
Kuwait,37561.72593
New Caledonia,37494.89516
Brazil,3749.910848
Colombia,3741.092837
Burkina Faso,374.627358
Somalia,374.1147807
Namibia,3739.531717
Jordan,3736.645462
New Caledonia,37353.7373
Israel,37330.2618
Jamaica,3733.798671
Sweden,37321.7979
New Caledonia,37294.02281
Ukraine,3724.938437
Guinea-Bissau,372.0561949
Fiji,3715.932657
United States,37133.24281
Malawi,371.2695217
Italy,37079.75867
El Salvador,3705.579704
Ukraine,3704.824973
France,37037.37419
Libya,3703.042952
Tuvalu,3701.709255
Libya,3699.294765
Indonesia,3694.35934
Turkey,3687.956093
Tunisia,3687.777461
Mongolia,3687.100003
New Caledonia,36864.85762
Austria,36821.52147
Armenia,3681.844691
Tunisia,3680.892597
Sri Lanka,3680.673477
Eswatini,3680.349473
Madagascar,368.7972369
Belgium,36795.97688
Ghana,367.8213621
France,36638.18493
Ukraine,3661.456204
Rwanda,366.8943924
Sudan,366.172742
Guyana,3658.479967
Mongolia,3658.3903
Fiji,3652.535933
Belize,3650.60647
Israel,36499.45611
France,36443.62631
Tuvalu,3643.121608
Indonesia,3643.047176
Maldives,3640.012132
Afghanistan,364.663542
Canada,36382.50792
New Caledonia,36382.48766
Brazil,3637.31389
United States,36334.90878
United Arab Emirates,36333.18733
Germany,36323.44774
Guinea,363.4822793
United Arab Emirates,36284.55524
Fiji,3627.632856
Paraguay,3626.818637
Uruguay,3624.205685
Indonesia,3623.927241
Cambodia,362.3354822
Equatorial Guinea,3618.544476
Australia,36117.48798
Sri Lanka,3610.289363
Jamaica,3609.203331
Armenia,3607.289299
Peru,3606.070689
Italy,36000.52012
Sierra Leone,360.3716605
Japan,35991.546
Albania,3595.038057
Armenia,3591.828052
Suriname,3590.648183
Afghanistan,359.6931579
El Salvador,3589.042885
Angola,3587.883645
Israel,35808.43643
Latvia,3578.0019
Japan,35779.02454
Tunisia,3574.654024
Tuvalu,3574.065288
Netherlands,35672.2066
Ecuador,3567.837186
Samoa,3566.42836
Indonesia,3562.816334
Zimbabwe,356.6932344
Kuwait,35591.03713
Jordan,3559.692102
Italy,35549.9747
Italy,35518.41529
Central African Republic,354.6708633
Ethiopia,354.4795719
Cyprus,35397.36368
New Caledonia,35391.08787
Japan,35387.03742
Spain,35366.2596
Belgium,35364.37533
Tonga,3527.952342
Belize,3526.081513
Armenia,3525.807198
Lithuania,3525.793632
Guatemala,3522.773706
Botswana,3522.310821
Tunisia,3521.591948
El Salvador,3509.526536
Tuvalu,3506.308144
Angola,3506.073128
Italy,35053.52624
Somalia,350.1681618
Japan,34960.63938
Romania,3494.944517
Indonesia,3491.637491
Uganda,349.2171001
Philippines,3485.340844
Jamaica,3480.511665
Malawi,348.4298737
New Caledonia,34788.52928
Algeria,3478.710002
France,34760.18502
Maldives,3476.006273
China,3468.304602
Namibia,3464.418226
Italy,34605.26273
Nepal,346.9453313
Tuvalu,3457.376266
Jordan,3455.769953
Qatar,34517.60321
Germany,34507.36881
Zambia,345.6896207
United Kingdom,34487.46757
Japan,34406.18246
Jamaica,3437.655517
Guinea,343.6026312
El Salvador,3428.409332
Eswatini,3425.531957
Djibouti,3425.484176
Eswatini,3424.282212
Bosnia and Herzegovina,3416.512376
Djibouti,3414.916178
Colombia,3414.465158
Ethiopia,341.5541227
Australia,34080.9999
Germany,34044.05363
Belize,3404.420586
Tajikistan,340.5831832
Tuvalu,3398.39675
New Caledonia,33976.55555
Cuba,3395.710843
Jamaica,3392.123878
United Arab Emirates,33893.26387
Bulgaria,3389.707049
Eswatini,3385.858846
Cambodia,338.9874773
Madagascar,338.7511983
Samoa,3378.953029
Israel,33775.512
Singapore,33769.15416
France,33741.26192
South Africa,3374.718423
Tunisia,3369.924443
Thailand,3369.543198
New Zealand,33676.77412
Italy,33641.63375
Belize,3364.491731
North Macedonia,3362.968419
Fiji,3362.820495
Latvia,3361.640869
Mali,336.4187392
Niger,336.2819503
Guinea,336.1540207
Liberia,336.1156743
Guatemala,3355.036919
Italy,33501.65817
Sri Lanka,3350.521876
United Arab Emirates,33499.10278
Argentina,3349.8063
Eritrea,334.5855715
Madagascar,334.4416177
Kuwait,33399.06044
Indonesia,3331.695115
Tonga,3331.546555
Uganda,333.7315763
Guinea-Bissau,333.0585793
United Arab Emirates,33291.36625
Ecuador,3328.884156
Eswatini,3327.445134
Georgia,3324.735879
Denmark,33228.69354
Bhutan,3322.863329
Malawi,332.2590946
Fiji,3311.159895
Rwanda,331.6901134
Central African Republic,331.1630882
Algeria,3306.858208
Philippines,3298.829586
Lithuania,3293.229979
Angola,3289.643995
Bhutan,3286.596744
Finland,32855.13263
Puerto Rico,32850.54861
Japan,32820.79364
Togo,328.3981073
Botswana,3278.016079
Israel,32667.60687
El Salvador,3266.010978
Ethiopia,326.4368228
Mozambique,326.0751909
Ireland,32550.27907
Spain,32549.97098
Tuvalu,3253.899536
New Caledonia,32520.29416
Philippines,3252.110274
New Zealand,32479.98174
Bhutan,3243.477437
Iceland,32409.21615
Cyprus,32396.38574
New Caledonia,32391.19722
Kuwait,32373.25112
Morocco,3235.00066
Georgia,3233.295943
Italy,32326.67421
Sierra Leone,323.3890184
Puerto Rico,32290.92114
Guatemala,3228.045741
Morocco,3226.982794
Austria,32222.89724
Guinea,322.41554
Armenia,3218.378299
Canada,32143.68141
Cyprus,32109.24251
Niger,321.7236612
Cambodia,321.1502236
Iceland,32096.37226
Italy,32043.14037
Spain,32042.47408
United Arab Emirates,32024.19778
Sri Lanka,3200.861132
Central African Republic,320.7368123
Greece,31997.28202
Ukraine,3197.934295
Tuvalu,3197.772252
Cuba,3197.133185
Tunisia,3193.204358
Botswana,3190.624811
Guinea-Bissau,319.9574494
Madagascar,319.5374751
Mozambique,319.3596208
Madagascar,319.2163788
Guyana,3188.67316
Iraq,3182.841351
Eswatini,3176.691168
Vanuatu,3173.822022
Italy,31714.22095
Morocco,3171.699192
Samoa,3168.228207
Spain,31636.44631
Puerto Rico,31604.70151
Brazil,3160.249345
Eritrea,316.8239534
United Arab Emirates,31567.54631
Peru,3154.331349
Nepal,315.80563
Malawi,315.7779871
Turkey,3142.920998
Djibouti,3141.861711
Myanmar,314.2022942
Armenia,3139.28071
Eswatini,3137.387266
Samoa,3133.671327
United Arab Emirates,31280.75586
Italy,31259.7165
New Zealand,31252.96256
Belarus,3125.810535
Vanuatu,3125.404999
Cyprus,31244.92622
Philippines,3123.245642
Angola,3122.781599
Indonesia,3122.362673
Angola,3121.996085
Morocco,3121.680081
Vanuatu,3116.297759
Algeria,3113.094883
Tunisia,3111.374381
Puerto Rico,31108.76057
Dominican Republic,3110.325447
Tajikistan,311.6272313
Ukraine,3104.643206
Cyprus,31023.63833
Nigeria,3098.985791
Ukraine,3096.561697
Italy,30939.71425
Eswatini,3083.838141
Vanuatu,3082.475083
Guinea-Bissau,308.9103184
Malawi,308.1636182
Eritrea,308.1341868
Israel,30780.02382
Ukraine,3078.429982
Denmark,30751.65435
Denmark,30743.54768
Philippines,3073.654686
North Macedonia,3072.678573
Brazil,3070.436419
Mali,307.7048595
Malta,30672.29224
Puerto Rico,30627.1634
Liberia,306.8338642
Liberia,306.7102516
Liberia,306.4739396
Belgium,30587.66841
Morocco,3058.691689
Australia,30513.94174
Spain,30502.71971
Burundi,305.5496525
Maldives,3049.207981
Morocco,3046.947854
Ghana,304.564636
Maldives,3038.781417
Morocco,3035.454433
Spain,30349.7521
Aruba,30253.27936
Germany,30243.57653
Tuvalu,3024.761774
Italy,30230.2263
Qatar,30214.67042
Togo,302.958592
Mozambique,302.5452337
Malta,30186.19596
Tonga,3006.606344
Suriname,3006.183233
United Kingdom,30049.89632
Ecuador,3002.138604
Philippines,3001.043182
Bhutan,3000.779327
Cambodia,300.613679
Cuba,2999.241763
Qatar,29976.16763
Vanuatu,2997.293432
Singapore,29961.26328
Armenia,2994.340471
Sweden,29899.19525
Kuwait,29869.55275
El Salvador,2983.228806
Bosnia and Herzegovina,2980.601268
Malawi,298.4334104
Dominican Republic,2977.43451
Puerto Rico,29763.4883
Paraguay,2976.824014
Kuwait,29759.46747
Albania,2972.742924
Greece,29710.97023
South Africa,2971.819769
Israel,29650.77025
Sweden,29624.91267
Nigeria,2961.549422
New Caledonia,29604.05264
Mozambique,296.2684069
Uganda,296.0142675
Philippines,2959.645435
France,29568.3888
Spain,29555.3157
Vanuatu,2954.774511
Spain,29461.55033
Liberia,294.8932201
Burkina Faso,294.6653885
Tuvalu,2936.521547
Aruba,29350.80502
Cyprus,29334.11093
El Salvador,2933.39424
Bhutan,2930.574923
Eritrea,293.9556724
Central African Republic,293.661549
Madagascar,293.6071574
Vanuatu,2926.67996
Cyprus,29206.07672
Netherlands,29204.03983
Papua New Guinea,2920.782986
Togo,292.8231035
Chad,292.6008802
Sierra Leone,292.3490663
Djibouti,2914.358197
Morocco,2912.658275
Tonga,2910.145122
Spain,29059.54795
Puerto Rico,28981.45733
Morocco,2896.722196
Thailand,2894.062656
Cyprus,28912.15694
Morocco,2890.360715
Malawi,289.5552148
Iceland,28897.44394
Greece,28827.32639
Morocco,2875.257985
Kazakhstan,2874.288483
Tonga,2873.076637
Philippines,2871.429701
Vanuatu,2870.0893
Dominican Republic,2869.178139
Morocco,2866.92411
Niger,286.4900658
Nepal,286.1576726
Liberia,286.0647253
El Salvador,2858.483344
Guatemala,2852.547327
Qatar,28517.22084
Puerto Rico,28513.16574
Aruba,28452.17061
Madagascar,284.4877263
Aruba,28396.90842
Morocco,2839.92612
Brazil,2839.491501
Vanuatu,2839.40634
Cuba,2837.73573
Spain,28365.31349
Spain,28324.42934
Canada,28300.4631
Ireland,28257.93859
Malta,28250.69777
United Kingdom,28223.06757
Georgia,2822.66743
New Zealand,28209.36233
Papua New Guinea,2820.306397
Malawi,282.5671076
Fiji,2818.91392
Spain,28100.58624
Angola,2809.626088
Vanuatu,2805.66532
Guatemala,2802.461962
Djibouti,2802.166204
Papua New Guinea,2801.371393
Sri Lanka,2799.648738
South Africa,2797.087291
Samoa,2796.601169
North Macedonia,2795.899261
Puerto Rico,27944.73389
Papua New Guinea,2790.676303
Malta,27884.64283
El Salvador,2786.157774
Colombia,2782.623185
United Kingdom,27806.44882
Israel,27780.46372
New Zealand,27751.06547
Cyprus,27729.1927
Kuwait,27653.15762
Singapore,27608.53737
Tunisia,2760.405122
Papua New Guinea,2757.21753
Uzbekistan,2753.971072
Cyprus,27527.84531
Bhutan,2752.630172
Slovenia,27483.33717
Cuba,2747.100303
Italy,27465.6753
Equatorial Guinea,2744.191483
Burundi,274.8578362
Jordan,2735.378767
Rwanda,273.6336903
Papua New Guinea,2729.888751
Peru,2729.499172
Puerto Rico,27278.88305
Sweden,27247.85773
Nigeria,2723.822191
Bulgaria,2719.497656
Cyprus,27163.33297
Aruba,27083.63486
Spain,27063.19392
Uzbekistan,2704.677188
Kuwait,27011.654
Mali,270.542236
Eswatini,2699.130742
Bosnia and Herzegovina,2698.46718
Vanuatu,2695.666186
Papua New Guinea,2695.249009
Philippines,2694.305109
China,2693.970063
Ecuador,2691.277685
Ghana,269.0149848
Aruba,26893.01151
Netherlands,26873.27593
Nigeria,2687.480056
Finland,26869.6749
New Caledonia,26861.69844
Niger,268.349893
Romania,2679.41191
Papua New Guinea,2679.346579
Malta,26754.26845
Albania,2673.786584
Cyprus,26729.3234
Malawi,267.3990119
Burkina Faso,267.0975996
Greece,26690.60742
New Zealand,26654.5932
Cyprus,26608.87509
Thailand,2660.126835
Sierra Leone,266.5693713
Sierra Leone,266.4469054
Djibouti,2658.949245
Bhutan,2652.225654
Guatemala,2651.817123
Spain,26505.34322
Tuvalu,2645.109505
Aruba,26441.61994
Puerto Rico,26435.74879
Mongolia,2643.287083
Spain,26419.29686
Austria,26401.74546
Ukraine,2639.391654
Ukraine,2638.326055
Georgia,2635.353882
El Salvador,2631.822739
Afghanistan,263.7336019
Vanuatu,2629.053124
Uzbekistan,2628.460008
Ireland,26269.18162
Namibia,2621.700395
Netherlands,26149.41108
Suriname,2611.377493
Slovenia,26104.10279
Algeria,2610.185422
Uganda,261.8691416
Tuvalu,2602.619444
Turkmenistan,2600.368758
Central African Republic,260.7454587
Rwanda,260.6011858
Burundi,260.5652208
Angola,2599.565948
Slovenia,25942.95477
Tonga,2594.418739
Argentina,2593.404563
Samoa,2590.489858
Aruba,25834.11178
Ghana,258.4710399
New Caledonia,25770.53108
Puerto Rico,25768.72589
Malta,25741.44606
Spain,25732.01836
Vanuatu,2573.889015
Bhutan,2563.261224
Burundi,256.9756526
Honduras,2556.456891
Slovenia,25517.33067
Burkina Faso,255.7186873
Greece,25450.53412
New Zealand,25420.23488
Uganda,254.3012043
Bhutan,2538.949519
Burundi,253.8263541
Saudi Arabia,25243.602
Colombia,2520.481089
Nepal,252.4023518
Sierra Leone,252.396007
Burundi,252.3588707
Jordan,2513.028732
Central African Republic,251.2072914
Slovenia,25095.13229
Papua New Guinea,2509.629637
Germany,25077.72908
Central African Republic,250.3571459
Morocco,2499.259938
Bahrain,24989.43753
Oman,24988.01259
Aruba,24985.01392
Cyprus,24959.25917
Israel,24952.54759
Finland,24946.18919
Malta,24921.60368
Honduras,2492.868968
Guatemala,2490.749127
Rwanda,249.7433131
Burundi,249.5779794
Puerto Rico,24898.33459
Belgium,24887.56133
Nigeria,2487.598017
Dominican Republic,2487.329061
Spain,24861.2828
Portugal,24847.54514
Saudi Arabia,24845.12466
Kuwait,24811.76971
Greece,24801.15778
Malta,24771.07658
Bahrain,24744.29696
Azerbaijan,2473.081819
Bhutan,2472.724753
Aruba,24712.49326
Slovenia,24694.23049
Djibouti,2464.294905
Aruba,24631.18205
Cyprus,24605.92083
Nepal,246.7255581
Austria,24564.45829
Austria,24537.51426
Philippines,2450.735694
Uganda,245.5000403
Saudi Arabia,24464.21256
North Macedonia,2440.476943
Nepal,244.7208435
Ethiopia,244.2860523
Colombia,2439.682456
Honduras,2436.671636
Liberia,243.0895775
Finland,24285.46682
El Salvador,2428.568879
Canada,24271.00206
Canada,24255.33858
Ecuador,2425.851842
Slovenia,24214.92207
Afghanistan,242.0313132
Uzbekistan,2419.718703
Dominican Republic,2418.350422
France,24177.33556
Peru,2417.034363
Solomon Islands,2411.862926
Bahrain,24085.95599
Papua New Guinea,2406.910967
Aruba,24046.22638
Myanmar,240.6240142
Colombia,2396.627127
Ukraine,2391.323934
Uganda,239.473127
Honduras,2389.012431
Oman,23888.62658
Singapore,23852.32703
Oman,23837.31094
Canada,23822.06012
Burundi,238.9907259
Burundi,238.783467
Rwanda,238.7812778
Cyprus,23792.62136
Slovenia,23787.64656
Belarus,2378.623286
Saudi Arabia,23745.88058
Bahrain,23742.93734
Singapore,23730.15245
Albania,2373.581292
Iraq,2373.209448
Tajikistan,237.7573352
Puerto Rico,23664.88235
Bahrain,23654.36959
Germany,23635.92922
Ghana,2361.090324
Germany,23607.88286
Thailand,2359.116831
Bahrain,23551.93009
Portugal,23551.04829
Samoa,2353.455973
Vanuatu,2352.973255
Aruba,23513.5277
Slovenia,23509.54314
Slovenia,23496.6025
Australia,23492.40517
Slovenia,23455.94473
Tunisia,2344.396907
Solomon Islands,2344.048976
Cyprus,23408.33668
Burundi,234.2355389
Estonia,23397.12001
Saudi Arabia,23337.01755
Portugal,23330.81729
Solomon Islands,2332.844216
Aruba,23300.73836
Rwanda,233.1512636
Honduras,2326.297278
Portugal,23186.91313
Malta,23155.55479
Saudi Arabia,23139.79798
Equatorial Guinea,2313.165937
Djibouti,2312.720948
Bahrain,23066.45098
Portugal,23059.79745
Estonia,23052.30126
Belgium,23041.53473
Estonia,23027.027
Oman,23017.93398
Tonga,2301.654115
Belgium,22995.15752
Equatorial Guinea,22942.6101
Puerto Rico,22935.94116
Nepal,229.4903926
Sierra Leone,229.3756595
Honduras,2286.203037
Colombia,2281.401762
Nigeria,2280.437337
Niger,228.2359086
Burundi,228.2135892
Portugal,22782.09462
El Salvador,2278.43033
Solomon Islands,2274.887866
Paraguay,2271.088885
Suriname,2267.753984
Uzbekistan,2267.623275
Slovenia,22643.10025
Bahrain,22634.08565
Tuvalu,2263.575948
Indonesia,2261.247309
Bahrain,22608.45256
Ghana,2260.860567
Nigeria,2259.114059
Bosnia and Herzegovina,2258.946452
Bhutan,2258.186435
Aruba,22568.37499
Greece,22551.73577
Tunisia,2253.034852
Malta,22527.63676
Bahrain,22514.20272
Guatemala,2251.087963
Solomon Islands,2250.601164
Portugal,22498.69086
Fiji,2248.714191
Solomon Islands,2248.614935
Ghana,2246.625578
France,22433.55498
France,22364.02939
Maldives,2234.595861
Nigeria,2229.858652
Italy,22270.14412
Solomon Islands,2225.486842
Malta,22205.35681
Portugal,22176.29671
Philippines,2217.472153
Singapore,22159.68886
Kuwait,22148.37815
Oman,22139.74071
Tunisia,2211.835015
Chad,221.4165369
El Salvador,2209.497245
Portugal,22074.30076
Ghana,2205.529016
Morocco,2196.011276
Puerto Rico,21959.3227
Greece,21955.10414
Greece,21914.25173
New Zealand,21913.70817
Honduras,2190.653139
Ukraine,2187.73051
Israel,21853.14024
Namibia,2185.604115
Tuvalu,2184.565259
Jordan,2183.394643
New Caledonia,21817.31511
Tuvalu,2181.636269
Malta,21799.17426
Greece,21781.59535
Nigeria,2176.002772
Ecuador,2172.101877
Equatorial Guinea,21711.15159
Singapore,21700.02005
Australia,21697.70848
Solomon Islands,2167.119928
Slovenia,21663.64341
Indonesia,2166.854231
Portugal,21647.04181
Equatorial Guinea,21641.6939
Myanmar,216.3115014
Nicaragua,2159.156714
Greece,21587.95755
Armenia,2158.148074
Sao Tome and Principe,2157.840446
Eswatini,2148.632475
Spain,21463.44266
Peru,2145.643889
Portugal,21437.3475
Solomon Islands,2141.821522
Oman,21369.35297
Mongolia,2136.562402
Turkmenistan,2136.472101
Honduras,2129.521439
Ukraine,2124.662319
El Salvador,2124.10182
Trinidad and Tobago,21204.00818
Burundi,212.1370572
Romania,2119.882673
Afghanistan,211.3820742
Malta,21083.27715
Nicaragua,2107.57406
Israel,21061.48228
Algeria,2103.381291
India,2100.751461
China,2099.229435
Puerto Rico,20988.99233
Bahrain,20976.44229
Nigeria,2097.092473
Thailand,2096.187802
Bulgaria,2092.957694
Tonga,2091.113009
Sri Lanka,2090.401826
Slovenia,20881.76693
Honduras,2088.097206
Aruba,20833.97636
Saudi Arabia,20802.46631
Niger,208.3770599
Ghana,2074.290733
Honduras,2073.90437
Bahrain,20722.07049
El Salvador,2072.301591
Fiji,2069.317455
Guatemala,2068.500129
Kazakhstan,2068.123979
Aruba,20670.36701
Saudi Arabia,20627.92693
Aruba,20617.75047
Israel,20585.13861
Iraq,2058.264401
Portugal,20564.88986
Uzbekistan,2051.129515
Nicaragua,2049.851666
Vanuatu,2049.532809
Italy,20483.21599
Jordan,2044.963723
Aruba,20436.88713
Bahrain,20409.9528
Equatorial Guinea,20390.73727
Estonia,20387.28315
Sri Lanka,2037.322103
Israel,20316.24805
Tonga,2030.775469
Fiji,2030.246351
Trinidad and Tobago,20270.93377
Nigeria,2027.778549
Cyprus,20252.23898
Estonia,20234.11742
Lithuania,20233.64135
Peru,2021.240038
Morocco,2018.025547
Trinidad and Tobago,20143.54541
Nicaragua,2014.575189
Suriname,2012.281651
Ghana,2012.264247
Australia,20117.78889
Saudi Arabia,20110.31619
Italy,20087.59199
Saudi Arabia,20078.26007
Thailand,2007.735271
El Salvador,2001.540049
Philippines,1998.02692
Portugal,19978.40121
India,1996.915087
Georgia,1996.057129
Israel,19910.61067
North Macedonia,1989.135125
Saudi Arabia,19878.76384
Sao Tome and Principe,1987.579702
Portugal,19822.84603
India,1980.66702
Burundi,198.3528517
Greece,19747.34258
Ghana,1971.956935
Niger,197.8326834
Chad,197.1460821
Nigeria,1968.565398
Slovenia,19672.96556
Bangladesh,1961.613749
Lithuania,19575.76848
Puerto Rico,19557.12025
Peru,1955.588006
Sao Tome and Principe,1953.513257
Australia,19527.32358
Morocco,1952.902534
Namibia,1950.648536
Papua New Guinea,1949.351185
Malta,19485.87119
Peru,1941.475342
Ethiopia,194.6874329
Equatorial Guinea,19394.08066
Solomon Islands,1938.891187
Bahrain,19355.92101
Nicaragua,1934.062922
Bahrain,19307.50894
Myanmar,193.3687658
India,1927.707823
Saudi Arabia,19262.5476
Nicaragua,1926.699694
Portugal,19242.36647
Lithuania,19176.81215
Uzbekistan,1916.764642
Trinidad and Tobago,19157.45977
Greece,19133.75776
Kenya,1912.647867
Nigeria,1911.607866
Samoa,1909.154441
Estonia,19050.58592
Nicaragua,1905.261152
Philippines,1904.196388
Trinidad and Tobago,19034.12071
Angola,1902.42215
Afghanistan,190.6838143
Tajikistan,190.0026776
Israel,18991.37985
Oman,18947.3665
Ecuador,1894.616196
Ukraine,1894.470781
Thailand,1893.264239
Mauritania,1892.094
Honduras,1891.158589
Vanuatu,1887.226576
Nigeria,1883.461388
Mauritania,1879.772472
Kenya,1878.580703
Zambia,1878.346811
Portugal,18773.12536
Jordan,1876.259338
Tuvalu,1874.853819
Puerto Rico,18731.45939
Uruguay,18703.86029
Uruguay,18690.89384
North Macedonia,1861.898065
Indonesia,1860.002811
Guatemala,1859.098363
Bangladesh,1855.740094
Iraq,1855.522348
Greece,18536.19072
Greece,18477.57836
Albania,1846.120121
Tonga,1845.669127
Oman,18444.927
Kuwait,18440.37852
Israel,18439.64616
Paraguay,1843.634108
Tonga,1839.086867
Estonia,18282.92339
Bhutan,1828.154677
Romania,1825.179805
North Macedonia,1823.023561
Trinidad and Tobago,18214.46062
Estonia,18204.96648
Belarus,1819.766059
Bhutan,1819.19731
Mauritania,1815.218939
Barbados,18148.49785
Sao Tome and Principe,1813.807434
Puerto Rico,18123.1987
Nicaragua,1811.636803
Slovenia,18098.90854
Namibia,1808.884899
Greece,18076.60676
Portugal,18031.00042
Jordan,1802.055064
Bahrain,17959.39683
Kenya,1794.091175
Latvia,17926.84159
Greece,17911.79938
Afghanistan,179.4265792
Bosnia and Herzegovina,1789.857691
Kiribati,1788.691439
Vanuatu,1788.122206
Latvia,17856.30712
Kuwait,17846.37616
Uzbekistan,1784.009816
Algeria,1781.828908
South Sudan,1779.470365
Honduras,1777.272802
Angola,1776.166868
Barbados,17745.25537
Ghana,1774.074771
Latvia,17726.25294
Oman,17700.70349
Bulgaria,1770.913534
Sao Tome and Principe,1770.467688
Uruguay,17688.01501
Algeria,1765.027146
Zambia,1763.069442
Greece,17622.541
Zambia,1762.427817
Nicaragua,1760.460308
Bhutan,1757.190496
China,1753.417829
Uzbekistan,1750.697113
Suriname,1750.576737
Estonia,17464.92008
Philippines,1744.639979
Mauritania,1743.302901
Uzbekistan,1742.349256
Estonia,17404.2008
Algeria,1740.606654
Estonia,17395.04062
Barbados,17391.66891
Antigua and Barbuda,17376.64968
Guatemala,1737.879287
Kiribati,1734.903839
Oman,17329.18546
India,1732.554242
Equatorial Guinea,17288.8426
Eswatini,1728.710498
Kiribati,1727.845001
Honduras,1727.793682
Equatorial Guinea,1725.557584
Morocco,1725.457466
Slovenia,17233.13856
Jordan,1720.361427
Burundi,172.4955966
Kiribati,1715.814321
Mongolia,1714.361827
Tajikistan,171.0480646
Barbados,17092.58214
Turkmenistan,1704.41538
Trinidad and Tobago,17037.86236
Spain,17025.53198
Mauritania,1701.991163
Sao Tome and Principe,1700.097997
Bangladesh,1698.132081
Uruguay,16973.68924
Barbados,16900.04829
New Caledonia,16885.8944
New Zealand,16874.18749
Lithuania,16843.69965
Uruguay,16831.94819
Oman,16823.79498
Guatemala,1682.994501
Paraguay,1679.49512
Oman,16772.73921
Barbados,16770.66103
Mauritania,1677.109019
Estonia,16744.58445
Hungary,16735.65978
Malta,16723.88418
Papua New Guinea,1672.951024
Zambia,1672.907535
Uruguay,16715.63347
Mauritania,1670.204165
Burundi,167.3764625
Trinidad and Tobago,16683.39306
Antigua and Barbuda,16679.59166
Equatorial Guinea,16668.1217
Guatemala,1664.298958
Trinidad and Tobago,16637.16294
Paraguay,1663.604939
Chad,166.1757089
Romania,1659.90764
Kuwait,16587.24865
Kazakhstan,1658.030785
Nigeria,1656.424794
Lithuania,16551.0182
Nicaragua,1655.802946
Trinidad and Tobago,16539.89075
Kiribati,1653.540297
Barbados,16524.8995
Saudi Arabia,16516.63178
Jordan,1651.621798
Barbados,16489.07224
Latvia,16467.14369
Barbados,16458.35321
Barbados,16451.27931
Armenia,1643.756889
Cambodia,1643.121389
Hungary,16427.37276
Kiribati,1642.820129
Georgia,1642.760938
Croatia,16416.58681
Kiribati,1640.571205
Kenya,1633.491216
Samoa,1633.007661
Mongolia,1632.727582
Sri Lanka,1630.388906
Papua New Guinea,1626.312855
Trinidad and Tobago,16250.62869
Barbados,16249.67395
Seychelles,16213.48076
Bulgaria,1621.242961
Ethiopia,162.4327286
Puerto Rico,16192.12697
Trinidad and Tobago,16173.74005
Saudi Arabia,16113.14371
Mauritania,1610.921603
Tuvalu,1610.653001
Myanmar,161.0555236
Cyprus,16093.21461
Barbados,16056.37098
India,1605.605445
Antigua and Barbuda,16044.1058
Cameroon,1604.214035
Solomon Islands,1604.20583
New Caledonia,16039.16917
Kiribati,1601.861869
Seychelles,15994.81986
Hungary,15980.74089
Uzbekistan,1597.068337
Seychelles,15945.26493
Equatorial Guinea,15908.41119
Indonesia,1589.801489
Malta,15888.17232
Chile,15888.14436
Barbados,15885.41018
Mauritania,1587.611263
Ghana,1587.560932
Cameroon,1585.240534
Bahrain,15846.50595
Chile,15842.93648
Sao Tome and Principe,1584.775657
Kiribati,1584.738015
Oman,15838.46956
Vanuatu,1580.575634
Mauritania,1579.511548
Azerbaijan,1578.40239
Hungary,15777.19202
Panama,15774.25494
Portugal,15762.97579
Poland,15732.20313
India,1573.885642
Lithuania,15729.65247
Latvia,15721.45233
Poland,15720.99466
Honduras,1572.064888
Latvia,15656.34749
Paraguay,1565.054289
Sao Tome and Principe,1564.768548
Bangladesh,1563.767819
Antigua and Barbuda,15622.69287
Uruguay,15613.74597
Malawi,156.3858168
Djibouti,1559.240651
Samoa,1556.999425
Panama,15544.99908
Sudan,1551.085771
Guatemala,1550.360366
Ghana,1549.462719
Poland,15468.48222
Bosnia and Herzegovina,1544.602075
Uruguay,15438.41167
Cambodia,1543.669258
Trinidad and Tobago,15425.63511
Kiribati,1542.616465
Samoa,1542.066736
Saudi Arabia,15384.73836
Antigua and Barbuda,15383.5764
Barbados,15373.8547
Cameroon,1537.130218
Mauritania,1536.854888
Spain,15355.70317
Chile,15351.54074
Zambia,1535.196574
Cameroon,1533.095688
Croatia,15311.7669
Cameroon,1527.751257
Kenya,1525.235192
Mauritania,1524.071753
Croatia,15227.5601
Eswatini,1521.769075
Barbados,15199.56753
Antigua and Barbuda,15198.74297
Malta,15197.05671
New Caledonia,15174.27843
Uruguay,15171.58017
Kiribati,1516.76323
Zambia,1516.368371
Panama,15146.40851
Comoros,1513.830379
Cambodia,1512.126989
Burundi,151.6815663
China,1508.668098
Seychelles,15068.62035
Comoros,1505.337292
Nicaragua,1503.864191
Latvia,15007.49186
Malawi,150.1489426
Chile,14998.81706
Lithuania,14998.12506
Nicaragua,1499.25762
Lithuania,14944.99665
Iraq,1494.388802
Kazakhstan,1490.92709
Zambia,1489.459087
Slovenia,14849.03724
Bosnia and Herzegovina,1484.176056
Cyprus,14821.44682
Pakistan,1482.213067
Haiti,1479.345827
Belarus,1479.314583
Seychelles,14765.67398
Croatia,14757.18034
Seychelles,14745.34146
Chile,14741.7144
Spain,14713.06571
Estonia,14711.73527
Senegal,1471.830962
Seychelles,14700.33434
Vanuatu,1470.63587
Cameroon,1469.4475
Chile,14670.98891
Myanmar,1467.604281
Estonia,14663.04461
Croatia,14653.04355
Cameroon,1465.145788
Pakistan,1464.926195
Zimbabwe,1464.588957
Kenya,1464.554009
Chile,14637.23344
Tuvalu,1463.166211
Hungary,14623.69665
Kenya,1462.220052
Argentina,14613.04182
Sudan,1461.315914
Myanmar,146.6045788
India,1458.104066
Senegal,1458.069093
Turkmenistan,1453.917784
Philippines,1452.438089
Trinidad and Tobago,14514.24061
Djibouti,1451.548081
India,1449.610451
Oman,14485.38612
Comoros,1447.945144
Ecuador,1445.279324
Zimbabwe,1445.069702
Nicaragua,1444.36951
India,1443.882435
Oman,14420.51204
Cameroon,1439.547804
Cyprus,14388.34806
Libya,14382.59529
Lithuania,14376.94786
Lithuania,14367.70942
Sri Lanka,1435.816813
Haiti,1435.13647
Panama,14343.98026
Zimbabwe,1434.896277
Latvia,14322.02268
Haiti,1432.837618
Senegal,1430.148259
Hungary,14298.83367
Zimbabwe,1429.998461
Antigua and Barbuda,14285.32978
Solomon Islands,1428.505673
Comoros,1428.290463
Kiribati,1428.134977
Poland,14271.30585
Lithuania,14258.22933
Albania,1425.124219
Hungary,14240.2575
Uruguay,14236.715
Bahrain,14222.0368
Comoros,1420.661747
Honduras,1420.134396
Antigua and Barbuda,14160.562
Ukraine,1416.60381
Morocco,1416.488396
Croatia,14134.16268
Cameroon,1413.255957
Latvia,14113.52913
Greece,14110.31337
Cameroon,1411.474572
Trinidad and Tobago,14102.59329
Croatia,14067.52312
Eswatini,1405.448706
Croatia,14046.31681
Senegal,1403.949385
Cameroon,1403.522915
Comoros,1403.360252
Papua New Guinea,1401.949447
Bangladesh,1401.564635
Comoros,1401.542312
Poland,13996.02515
Antigua and Barbuda,13995.80442
Antigua and Barbuda,13992.74448
Senegal,1396.657339
Hungary,13944.97101
Zambia,1394.0005
Comoros,1393.216032
Tuvalu,1392.334348
Iraq,1391.963489
Kazakhstan,13890.63096
Mauritania,1389.338533
New Zealand,13882.85683
Solomon Islands,1388.963877
Poland,13879.56099
Poland,13864.68176
Haiti,1386.854191
Cambodia,1385.260066
Latvia,13847.33794
Croatia,13837.73164
Barbados,13822.74175
Cameroon,1382.50979
Sierra Leone,138.6987225
Tajikistan,138.4291467
Saudi Arabia,13791.45476
Argentina,13789.06042
Latvia,13780.91355
Croatia,13762.37286
Chile,13753.59215
Kiribati,1374.395199
Senegal,1372.665779
Hungary,13719.95054
Poland,13696.4663
Haiti,1369.063734
Pakistan,1368.426961
Malta,13669.49712
Senegal,1366.774501
Sudan,1366.410905
Paraguay,1365.416418
New Zealand,13641.10272
Bahrain,13636.41675
Panama,13630.30114
Vanuatu,1363.185058
Croatia,13629.28959
Senegal,1361.701972
Ethiopia,136.46625
Burundi,136.4639708
Chile,13574.16924
India,1357.563727
Mauritania,1357.124285
Pakistan,1356.667831
Kenya,1354.820833
Vanuatu,1354.100243
Cameroon,1352.302275
Antigua and Barbuda,13501.58092
Comoros,1344.730406
Djibouti,1343.275125
Croatia,13401.65662
Burundi,134.3634269
Morocco,1339.294077
Sudan,1338.443724
Zambia,1338.290927
Haiti,1337.335946
Morocco,1334.943464
Mongolia,1334.212724
Latvia,13338.96224
Bhutan,1330.977444
Sao Tome and Principe,1330.620114
Sudan,1329.635962
Antigua and Barbuda,13272.73494
Nicaragua,1327.966782
Brazil,13245.38737
Chile,13231.70421
Comoros,1323.814843
Hungary,13223.083
South Sudan,1322.820364
Iraq,1320.734706
Senegal,1317.779802
Zimbabwe,1316.740657
Comoros,1316.491213
Haiti,1312.770636
Kiribati,1312.023443
Hungary,13107.37791
Myanmar,131.7153072
Poland,13097.27085
Argentina,13082.66433
Hungary,13081.79264
Argentina,13080.25473
Senegal,1308.937808
Georgia,1305.047486
Zambia,1305.001031
Bahrain,13049.90973
Antigua and Barbuda,13048.96058
Zimbabwe,1304.968011
Sudan,1303.838955
Libya,13025.27932
Paraguay,1300.852367
Ghana,1299.345212
Hungary,12989.18028
Honduras,1296.694784
Antigua and Barbuda,12910.59063
Benin,1291.410185
Benin,1291.040972
Haiti,1290.380508
Romania,12899.34611
Romania,12896.08862
China,1288.643252
Pakistan,1288.556325
Portugal,12875.32079
Haiti,1287.95465
Lesotho,1287.269536
Bahrain,12868.17692
Equatorial Guinea,12857.36882
Argentina,12848.8642
Turkmenistan,1283.908782
Albania,1281.659826
Chile,12808.03834
Kazakhstan,12807.26069
Zambia,1280.806543
Burundi,128.3367028
Myanmar,128.0997081
Panama,12796.07403
Argentina,12790.24247
Cameroon,1277.516807
Belarus,1276.493985
Antigua and Barbuda,12746.63347
Comoros,1273.050952
Hungary,12720.71202
Haiti,1272.367992
Kenya,1271.815383
Senegal,1271.583281
Myanmar,1271.111575
Costa Rica,12693.82796
Senegal,1269.903294
Cambodia,1269.591499
Nigeria,1268.383462
Djibouti,1267.317394
Estonia,12639.40007
Indonesia,1263.287332
Turkey,12614.78161
Poland,12613.011
Solomon Islands,1260.289404
Mauritania,1259.541505
Poland,12578.49547
Papua New Guinea,1256.979648
Antigua and Barbuda,12557.54785
Angola,1255.564513
Zimbabwe,1254.642265
Sao Tome and Principe,1254.541598
Greece,12538.17887
Croatia,12527.73986
Barbados,12512.57797
Benin,1251.209767
Pakistan,1251.175719
Panama,12509.83529
Myanmar,1250.173691
Costa Rica,12485.4239
Sri Lanka,1248.698185
Bangladesh,1248.45331
Poland,12447.43959
Belarus,1244.373185
Philippines,1244.348741
Comoros,1242.585608
Benin,1241.825298
Comoros,1240.092528
Ethiopia,124.4607909
Romania,12398.98198
Kazakhstan,12386.69927
Oman,12377.08001
Brazil,12370.22325
Luxembourg,123514.1967
Zimbabwe,1235.189032
Argentina,12334.79825
Latvia,12331.92855
Trinidad and Tobago,12327.28071
Brazil,12300.38671
Burundi,123.1175361
Lesotho,1229.636232
Kazakhstan,1229.001247
Lithuania,12285.44705
Bhutan,1228.432356
Nicaragua,1226.644309
Djibouti,1223.852363
Costa Rica,12225.57449
Benin,1219.515506
Senegal,1219.249415
Seychelles,12189.09516
Ghana,1217.064435
Turkey,12157.99043
Seychelles,12154.82994
Costa Rica,12140.85415
Kiribati,1214.635603
Zimbabwe,1214.50982
Uzbekistan,1213.265328
Brazil,12112.83496
Myanmar,1210.097636
Pakistan,1208.91771
Libya,12064.77291
Greece,12042.95371
Honduras,1204.479826
Sudan,1202.557881
Seychelles,12014.39987
Costa Rica,12011.22275
Seychelles,12006.68296
Ethiopia,120.7657837
Luxembourg,119966.0349
Luxembourg,119932.2437
Uruguay,11992.02377
Lithuania,11987.50841
Pakistan,1198.117637
Senegal,1197.409561
Myanmar,1196.743357
Nepal,1194.956876
Lesotho,1194.575627
Guinea,1194.037865
Croatia,11933.37738
Lesotho,1192.48432
Haiti,1191.972664
Armenia,1191.921006
Ethiopia,119.490396
Panama,11889.09507
Luxembourg,118869.2999
Pakistan,1188.859757
Haiti,1183.604854
Lithuania,11820.77616
Croatia,11797.47447
Turkey,11795.63346
Argentina,11795.15939
Nepal,1178.525932
Slovenia,11777.15566
Portugal,11724.6115
Luxembourg,117197.4817
Bermuda,117098.4463
Barbados,11699.37047
Kiribati,1168.473302
Myanmar,1168.1654
Lesotho,1166.911756
Costa Rica,11642.77805
Pakistan,1164.978823
Kazakhstan,11634.0012
Cambodia,1162.904995
Nicaragua,1162.289685
Nauru,11614.66508
Luxembourg,116014.6025
Sudan,1160.535552
Zambia,1159.907499
Nepal,1155.142854
Poland,11526.05589
Myanmar,1151.114462
Indonesia,1150.261367
Portugal,11497.75346
Hungary,11493.10041
China,1148.50829
Cameroon,1147.4366
Lesotho,1146.064688
Honduras,1145.497946
Benin,1145.140105
Antigua and Barbuda,11446.96914
Malaysia,11432.823
Sudan,1143.932251
Latvia,11420.994
Turkey,11420.55546
Malaysia,11380.08209
Barbados,11361.51677
Myanmar,1136.610665
Benin,1136.593872
Myanmar,1134.302224
Luxembourg,113218.7133
Malaysia,11319.06194
Kiribati,1131.152504
Bermuda,113023.1856
Libya,11300.19323
Benin,1130.273251
Burundi,113.5672513
Malta,11289.88984
Brazil,11286.07154
Equatorial Guinea,11283.39805
Barbados,11268.42006
Albania,1126.68334
Luxembourg,112591.1162
Poland,11254.51739
Benin,1125.426134
Zambia,1124.290586
Hungary,11225.93258
Honduras,1122.0886
Philippines,1121.490006
Barbados,11209.42112
Mauritius,11208.34382
Honduras,1120.54996
Lesotho,1119.843641
Solomon Islands,1119.693297
South Sudan,1119.651437
Saudi Arabia,11185.13704
Bermuda,111820.5815
Bangladesh,1118.873808
Comoros,1114.945281
Lesotho,1113.37214
Seychelles,11122.86207
Ethiopia,111.9272251
Mauritius,11097.16898
Seychelles,11092.51074
Luxembourg,110777.9079
Guyana,1105.506825
Tajikistan,1104.172358
Nauru,11029.73558
Lesotho,1102.94441
India,1101.960838
Turkey,11006.27952
Cameroon,1100.174926
Luxembourg,109921.0314
Sao Tome and Principe,1098.755219
Malaysia,10970.1043
Equatorial Guinea,10963.40638
Turkey,10941.17215
Zimbabwe,1093.653409
Cambodia,1093.495976
Mexico,10928.91601
Cameroon,1090.785332
Sao Tome and Principe,1090.260763
Luxembourg,108987.6776
Turkey,10894.60338
Benin,1088.757906
Antigua and Barbuda,10872.29295
Ukraine,1087.785627
Benin,1087.287331
Haiti,1086.938192
Kenya,1085.487152
Costa Rica,10847.16967
Grenada,10827.43529
Uzbekistan,1082.286025
Malaysia,10817.43171
Ghana,1081.166318
Gabon,10809.68495
Romania,10807.00917
Seychelles,10804.68447
Honduras,1080.510472
Kenya,1080.296184
Nicaragua,1080.269119
Antigua and Barbuda,10797.95106
Ghana,1077.662058
Seychelles,10764.42042
Benin,1076.796698
Chile,10751.4816
Costa Rica,10744.09102
Turkey,10742.77498
Luxembourg,107338.8652
Mexico,10725.18359
Panama,10722.26147
Philippines,1072.801752
Bermuda,107079.4798
Bermuda,106935.4863
Sudan,1069.839957
Comoros,1069.029426
Bermuda,106885.8785
Luxembourg,106826.7264
Bhutan,1068.431811
Sao Tome and Principe,1067.908053
Sri Lanka,1065.784437
Indonesia,1065.64852
Croatia,10621.50746
Myanmar,1061.344429
Comoros,1061.075548
Turkey,10589.66772
Nauru,10580.26819
Guinea,1058.143368
Maldives,10561.61351
Guyana,1056.423886
Luxembourg,105419.6085
China,1053.108243
Djibouti,1052.719117
Kazakhstan,10510.77189
Chile,10502.35071
Mauritius,10484.90836
Nepal,1048.453755
Tajikistan,1048.225602
Philippines,1048.008205
Slovenia,10479.75963
Zambia,1047.918843
Grenada,10466.88221
Azerbaijan,1045.009379
Romania,10435.04398
China,10434.77519
Malta,10432.32812
Bermuda,104287.3875
Estonia,10412.64431
Malaysia,10412.34898
Malta,10402.23337
Antigua and Barbuda,10401.05088
Malaysia,10399.37021
Sudan,1039.762051
Argentina,10385.96443
Antigua and Barbuda,10367.31961
Libya,10363.80425
Benin,1036.534515
Philippines,1036.158331
Kenya,1035.338787
Nicaragua,1034.551387
Nauru,10339.38548
Hungary,10303.70419
Trinidad and Tobago,10293.86925
Norway,102913.4508
India,1028.334772
Maldives,10279.07998
Libya,10275.26154
Senegal,1027.731441
Malaysia,10259.30481
Gabon,10254.17196
Mexico,10241.72783
Chile,10208.90797
Mexico,10203.4213
Slovenia,10201.30354
Bermuda,102005.6256
Chad,1020.287979
Bermuda,101875.2841
Lesotho,1018.931093
Seychelles,10176.65871
Nauru,10171.48073
Solomon Islands,1017.613757
Mauritius,10153.93822
Norway,101524.1419
Grenada,10152.83281
Kiribati,1015.667006
China,10143.83817
Bermuda,101407.764
Solomon Islands,1014.85528
Cambodia,1013.420536
Oman,10126.13774
Sudan,1011.521216
Georgia,1010.00798
Bulgaria,10079.20338
Costa Rica,10075.00462
Nigeria,1007.874342
Nicaragua,1007.499839
Norway,100600.5624
Argentina,10056.63794
Nicaragua,1005.733044
Romania,10043.67745
Haiti,1002.888487
Mexico,10016.57121
Equatorial Guinea,10005.61679
Nicaragua,1000.936715
Afghanistan,
Afghanistan,
Aruba,
Aruba,
Bahamas,
Bahamas,
Bahamas,
Bahamas,
Bahamas,
Bahamas,
Bahamas,
Bahamas,
Bahamas,
Bahamas,
Bahamas,
Bahamas,
Bahamas,
Bahamas,
Bahamas,
Bahamas,
Bahamas,
Bahamas,
Bahamas,
Bahamas,
Bahamas,
Cayman Islands,
Cayman Islands,
Cayman Islands,
Cayman Islands,
Cayman Islands,
Cayman Islands,
Congo,
Congo,
Congo,
Congo,
Congo,
Congo,
Congo,
Congo,
Congo,
Congo,
Congo,
Congo,
Congo,
Congo,
Congo,
Congo,
Congo,
Congo,
Congo,
Congo,
Congo,
Czechia,
Czechia,
Czechia,
Czechia,
Czechia,
Czechia,
Czechia,
Czechia,
Czechia,
Czechia,
Czechia,
Czechia,
Czechia,
Czechia,
Czechia,
Czechia,
Czechia,
Czechia,
Czechia,
Czechia,
Czechia,
Egypt,
Egypt,
Egypt,
Egypt,
Egypt,
Egypt,
Egypt,
Egypt,
Egypt,
Egypt,
Egypt,
Egypt,
Egypt,
Egypt,
Egypt,
Egypt,
Egypt,
Egypt,
Egypt,
Egypt,
Egypt,
Eritrea,
Eritrea,
Eritrea,
Eritrea,
Eritrea,
Eritrea,
Eritrea,
Eritrea,
Eritrea,
French Guiana,
Gambia,
Gambia,
Gambia,
Gambia,
Gambia,
Gambia,
Gambia,
Gambia,
Gambia,
Gambia,
Gambia,
Gambia,
Gambia,
Gambia,
Gambia,
Gambia,
Gambia,
Gambia,
Gambia,
Gambia,
Gambia,
Kyrgyzstan,
Kyrgyzstan,
Kyrgyzstan,
Kyrgyzstan,
Kyrgyzstan,
Kyrgyzstan,
Kyrgyzstan,
Kyrgyzstan,
Kyrgyzstan,
Kyrgyzstan,
Kyrgyzstan,
Kyrgyzstan,
Kyrgyzstan,
Kyrgyzstan,
Kyrgyzstan,
Kyrgyzstan,
Kyrgyzstan,
Kyrgyzstan,
Kyrgyzstan,
Kyrgyzstan,
Kyrgyzstan,
Nauru,
Nauru,
Nauru,
Nauru,
Nauru,
Nauru,
Nauru,
Nauru,
Nauru,
Nauru,
New Caledonia,
Saint Kitts and Nevis,
Saint Kitts and Nevis,
Saint Kitts and Nevis,
Saint Kitts and Nevis,
Saint Kitts and Nevis,
Saint Kitts and Nevis,
Saint Kitts and Nevis,
Saint Kitts and Nevis,
Saint Kitts and Nevis,
Saint Kitts and Nevis,
Saint Kitts and Nevis,
Saint Kitts and Nevis,
Saint Kitts and Nevis,
Saint Kitts and Nevis,
Saint Kitts and Nevis,
Saint Kitts and Nevis,
Saint Kitts and Nevis,
Saint Kitts and Nevis,
Saint Kitts and Nevis,
Saint Kitts and Nevis,
Saint Kitts and Nevis,
Saint Lucia,
Saint Lucia,
Saint Lucia,
Saint Lucia,
Saint Lucia,
Saint Lucia,
Saint Lucia,
Saint Lucia,
Saint Lucia,
Saint Lucia,
Saint Lucia,
Saint Lucia,
Saint Lucia,
Saint Lucia,
Saint Lucia,
Saint Lucia,
Saint Lucia,
Saint Lucia,
Saint Lucia,
Saint Lucia,
Saint Lucia,
Saint Vincent and the Grenadines,
Saint Vincent and the Grenadines,
Saint Vincent and the Grenadines,
Saint Vincent and the Grenadines,
Saint Vincent and the Grenadines,
Saint Vincent and the Grenadines,
Saint Vincent and the Grenadines,
Saint Vincent and the Grenadines,
Saint Vincent and the Grenadines,
Saint Vincent and the Grenadines,
Saint Vincent and the Grenadines,
Saint Vincent and the Grenadines,
Saint Vincent and the Grenadines,
Saint Vincent and the Grenadines,
Saint Vincent and the Grenadines,
Saint Vincent and the Grenadines,
Saint Vincent and the Grenadines,
Saint Vincent and the Grenadines,
Saint Vincent and the Grenadines,
Saint Vincent and the Grenadines,
Saint Vincent and the Grenadines,
Sao Tome and Principe,
Slovakia,
Slovakia,
Slovakia,
Slovakia,
Slovakia,
Slovakia,
Slovakia,
Slovakia,
Slovakia,
Slovakia,
Slovakia,
Slovakia,
Slovakia,
Slovakia,
Slovakia,
Slovakia,
Slovakia,
Slovakia,
Slovakia,
Slovakia,
Slovakia,
Somalia,
Somalia,
Somalia,
Somalia,
Somalia,
Somalia,
Somalia,
Somalia,
Somalia,
Somalia,
Somalia,
Somalia,
Somalia,
South Sudan,
South Sudan,
South Sudan,
South Sudan,
South Sudan,
Turkmenistan,
Yemen,
Yemen,
Yemen,
Yemen,
Yemen,
Yemen,
Yemen,
Yemen,
Yemen,
Yemen,
Yemen,
Yemen,
Yemen,
Yemen,
Yemen,
Yemen,
Yemen,
Yemen,
Yemen,
Yemen,
Yemen,